,chr,start,end,size,mean_cov,max_cov,mean_rm,mean_zscore,max_zscore,log2_ratio
0,chr14,1,16022503,16022502,0.0,0.0,0.0,-4.01,-4.01,
1,chr14,16036301,16036303,2,0.0,0.0,0.0,-4.01,-4.01,
2,chr14,16054001,16054303,302,0.0,0.0,0.0,-4.01,-4.01,
3,chr14,16058401,16058403,2,0.0,0.0,0.0,-4.01,-4.01,
4,chr14,16061701,16062103,402,0.0,0.0,0.0,-4.01,-4.01,
5,chr14,16086601,16089403,2802,0.0,0.0,0.0,-4.010000000000001,-4.01,
6,chr14,16105401,16113103,7702,0.0,0.0,0.0,-4.009999999999998,-4.01,
7,chr14,16130801,16133203,2402,0.0,0.0,0.0,-4.01,-4.01,
8,chr14,16140601,16400103,259502,0.0,0.0,0.0,-4.01,-4.01,
9,chr14,16404401,18223403,1819002,0.0,0.0,0.0,-4.009999999999999,-4.01,
10,chr14,18223501,18227903,4402,9.390810810810812,25.79,1.9572972972972973,12.659622656250956,46.78821402728381,2.262386820734733
11,chr14,18229601,18229703,102,9.165,9.2,2.92,6.2032250746630435,6.222162309166223,1.6501665116598683
12,chr14,18232601,18232603,2,11.4,11.4,3.29,7.13796129797581,7.13796129797581,1.7928743353168626
13,chr14,18234101,18234103,2,10.83,10.83,3.435,6.243755879577454,6.243755879577454,1.656651238790227
14,chr14,18235701,18235703,2,11.7,11.7,3.615,6.483416034349454,6.483416034349454,1.694440977519649
15,chr14,18247001,18247003,2,13.22,13.22,4.215,6.196724183901817,6.196724183901817,1.6491176405656094
16,chr14,18251101,18252303,1202,15.256,20.28,4.467999999999999,6.9933273591482035,10.207940240005806,1.7716756578294417
17,chr14,18255101,18255103,2,15.52,15.52,4.57,6.940380451429547,6.940380451429547,1.7638624871290578
18,chr14,18256201,18256203,2,14.31,14.31,4.605,6.113876894362702,6.113876894362702,1.635750610635332
19,chr14,18261401,18261703,302,17.005,17.08,4.7475000000000005,7.472585462453732,7.5124302403675465,1.8407191005583443
20,chr14,18305001,18305003,2,17.35,17.35,5.64,6.024370412675886,6.024370412675886,1.6211685950668298
21,chr14,18565901,18565903,2,0.0,0.0,5.875,-4.01,-4.01,
22,chr14,18606501,18606503,2,21.08,21.08,5.81,7.605336454514074,7.605336454514074,1.8592647982326858
23,chr14,18609801,18609803,2,19.31,19.31,5.765,6.807088227974391,6.807088227974391,1.7439556512988783
24,chr14,18616501,18617203,702,22.62375,32.21,5.688124999999999,8.606270421850777,13.4269362271215,1.9918130085678987
25,chr14,18627701,18627903,202,18.130000000000003,18.35,5.47,6.706725747429562,6.830597191080174,1.7287661869516018
26,chr14,18631301,18631303,2,17.49,17.49,5.39,6.507427380231301,6.507427380231301,1.698173111169147
27,chr14,18703701,18703903,202,10.57,12.27,2.51,9.260232940471504,11.104100306223167,2.074216107431911
28,chr14,18705301,18712503,7202,7.848196721311475,13.77,1.7154918032786886,12.184624533968373,35.60445470326862,2.1937389716826514
29,chr14,18712701,18862503,149802,0.0,0.0,0.00011007338225483656,-4.009999999999999,-4.01,
30,chr14,18863401,18873703,10302,7.0292783505154635,17.35,1.008556701030928,32.500790411790994,466.45538903314355,2.8010843904410754
31,chr14,18874801,18880203,5402,7.142954545454546,13.26,2.2728409090909087,6.292424837195973,16.689741774987485,1.6520242366110178
32,chr14,18881701,18882903,1202,9.841666666666667,17.1,2.82625,7.1772404360864925,14.308455753369534,1.8000135668118344
33,chr14,18884501,18884503,2,9.37,9.37,3.0,6.15924912107651,6.15924912107651,1.6430865471633058
34,chr14,18887101,18887403,302,10.8475,14.23,3.13,7.138665392776811,10.214133110412753,1.793128023884124
35,chr14,18888501,18888503,2,10.64,10.64,3.24,6.6192797091272215,6.6192797091272215,1.7154324326165649
36,chr14,18895601,18895603,2,0.0,0.0,3.6,-4.01,-4.01,
37,chr14,18905201,18905203,2,0.0,0.0,4.215,-4.01,-4.01,
38,chr14,18913701,18913703,2,0.0,0.0,4.675,-4.01,-4.01,
39,chr14,18924301,18924603,302,19.26,20.01,5.24,7.742658209566398,8.192789406917885,1.877968986306009
40,chr14,18926401,18926703,302,17.03,20.16,5.33125,6.362323618843549,8.036652997134272,1.67553269347289
41,chr14,18929201,18929903,702,18.4025,20.19,5.383749999999999,7.003886760536489,7.962096493537276,1.773218447735206
42,chr14,18934501,18934503,2,20.9,20.9,5.645,7.817753492144064,7.817753492144064,1.8884574561952443
43,chr14,18938301,18938303,2,18.74,18.74,5.75,6.548191200650582,6.548191200650582,1.704487091827449
44,chr14,18939901,18939903,2,19.56,19.56,5.78,6.9060731255279295,6.9060731255279295,1.7587649724515546
45,chr14,18942901,18943203,302,21.1575,23.27,5.85,7.5722254699240406,8.606498698247119,1.8546606368359608
46,chr14,18949301,18949303,2,21.14,21.14,6.05,7.2215062455200165,7.2215062455200165,1.8049683292207261
47,chr14,18956301,18956303,2,23.18,23.18,6.34,7.685315379334956,7.685315379334956,1.8703258208670646
48,chr14,18959301,18959303,2,21.99,21.99,6.485,6.925603809936796,6.925603809936796,1.7616691246032685
49,chr14,18966801,18967003,202,0.0,0.0,6.825,-4.01,-4.01,
50,chr14,18981201,18981203,2,29.23,29.23,7.085,9.029932549760138,9.029932549760138,2.044610070888034
51,chr14,19097401,19097703,302,0.0,0.0,7.09375,-4.01,-4.01,
52,chr14,19105901,19106103,202,22.95,31.07,6.863333333333333,6.790108837927781,10.166837268299053,1.7415128243900724
53,chr14,19130601,19130803,202,21.105,21.92,6.3,6.808454470546998,7.178974330363839,1.74416109557041
54,chr14,19132701,19132703,2,0.0,0.0,6.32,-4.01,-4.01,
55,chr14,19137201,19137203,2,0.0,0.0,6.32,-4.01,-4.01,
56,chr14,19151401,19151703,302,0.0,0.0,6.465,-4.01,-4.01,
57,chr14,19156101,19156103,2,0.0,0.0,6.48,-4.01,-4.01,
58,chr14,19175001,19175003,2,20.34,20.34,6.445,6.252624421591895,6.252624421591895,1.658067415495849
59,chr14,19181601,19181603,2,20.34,20.34,6.545,6.114518338616814,6.114518338616814,1.6358545819122592
60,chr14,19225101,19225303,202,0.0,0.0,6.66,-4.01,-4.01,
61,chr14,19231601,19231603,2,0.0,0.0,6.73,-4.01,-4.01,
62,chr14,19237001,19237003,2,0.0,0.0,6.845,-4.01,-4.01,
63,chr14,19240401,19240403,2,0.0,0.0,6.875,-4.01,-4.01,
64,chr14,19250301,19250303,2,0.0,0.0,6.87,-4.01,-4.01,
65,chr14,19264801,19264803,2,22.96,22.96,6.97,6.648399518471663,6.648399518471663,1.7198920808072649
66,chr14,19275201,19275203,2,22.71,22.71,7.045,6.446320500872531,6.446320500872531,1.6886560943972513
67,chr14,19322201,19322203,2,22.22,22.22,7.24,6.0038048437861695,6.0038048437861695,1.6177972143058863
68,chr14,19350701,19350703,2,24.35,24.35,7.92,6.019369091455754,6.019369091455754,1.620349436890095
69,chr14,19358801,19358803,2,0.0,0.0,8.105,-4.01,-4.01,
70,chr14,19367601,19367603,2,26.92,26.92,8.25,6.559360974159259,6.559360974159259,1.706212385477139
71,chr14,19431201,19431203,2,22.15,22.15,7.055,6.205888680774473,6.205888680774473,1.6505887108451165
72,chr14,19434801,19434903,102,0.0,0.0,6.9425,-4.01,-4.01,
73,chr14,19443101,19443103,2,20.92,20.92,6.58,6.319635227214693,6.319635227214693,1.6687233625117
74,chr14,19444901,19444903,2,25.27,25.27,6.515,8.322844426477966,8.322844426477966,1.9555885803766406
75,chr14,19470601,19470603,2,17.63,17.63,5.26,6.813355092453647,6.813355092453647,1.7448977700278792
76,chr14,19478101,19478703,602,15.385714285714286,18.63,4.720714285714286,6.550713195945641,8.494543541185509,1.7045143490095305
77,chr14,19479801,19479803,2,14.84,14.84,4.605,6.443517472269733,6.443517472269733,1.6882180305294676
78,chr14,19487401,19488003,602,12.688571428571427,16.03,4.116428571428572,6.041459078863514,8.343807763612896,1.624064551580429
79,chr14,19489601,19490403,802,14.566666666666666,19.59,4.0600000000000005,7.489687409338651,11.0334155376059,1.8431191464816281
80,chr14,19493201,19493203,2,12.5,12.5,3.915,6.358349003720631,6.358349003720631,1.6748438822584086
81,chr14,19507001,19507303,302,12.513333333333334,13.24,3.481666666666667,7.506633023896001,8.063718663997411,1.845616157763766
82,chr14,19509401,19509403,2,0.0,0.0,3.4699999999999998,-4.01,-4.01,
83,chr14,19511601,19611603,100002,0.0,0.0,3.5340109890109885,-4.009999999999998,-4.01,
84,chr14,19612001,19612403,402,14.176000000000002,16.5,3.4549999999999996,8.965797238875215,10.891824586518199,2.036692893279398
85,chr14,19614501,19614903,402,13.394,17.72,3.4230000000000005,8.420109424774425,12.031853672947202,1.9682536757023172
86,chr14,19616201,19616203,2,0.0,0.0,3.435,-4.01,-4.01,
87,chr14,19622301,19622303,2,0.0,0.0,3.685,-4.01,-4.01,
88,chr14,19630401,19631603,1202,11.68888888888889,15.4,3.7288888888888883,6.191776246169409,9.038722098922285,1.6483200837398417
89,chr14,19634301,19634303,2,11.38,11.38,3.7,6.022750858012168,6.022750858012168,1.6209033817902698
90,chr14,19636101,19636103,2,13.54,13.54,3.725,7.624446389763998,7.624446389763998,1.8619154082254727
91,chr14,19640901,19641203,302,13.219999999999999,14.11,3.9699999999999998,6.749542657081458,7.367609683972841,1.735511264364734
92,chr14,19643901,19643903,2,13.53,13.53,4.11,6.642250653620514,6.642250653620514,1.718951540294854
93,chr14,19645601,19645603,2,14.47,14.47,4.195,7.092991029537207,7.092991029537207,1.7863222060919013
94,chr14,19651201,19651203,2,14.62,14.62,4.405,6.719539302415774,6.719539302415774,1.7307293870320235
95,chr14,19657501,19657503,2,15.68,15.68,4.585,7.008507084410546,7.008507084410546,1.7739319205201538
96,chr14,19659801,19659803,2,14.76,14.76,4.635,6.334341768870593,6.334341768870593,1.6710514774348653
97,chr14,19664701,19665303,602,19.244285714285716,28.13,4.740714285714286,8.840954643230301,14.211111522262303,2.0212537717902808
98,chr14,19668001,19668203,202,16.02,18.89,4.838333333333334,6.6975054189824625,8.403576775541207,1.7272920765032045
99,chr14,19670901,19672003,1102,16.264166666666664,21.66,4.916250000000001,6.688220422430601,9.822788490954258,1.726066718073822
100,chr14,19686001,19686203,202,17.416666666666668,19.77,5.205,6.797403269127098,8.0923656263802,1.7424984678350341
101,chr14,19693501,19693503,2,18.39,18.39,5.295,7.16099536916172,7.16099536916172,1.7962188904196013
102,chr14,19695201,19695903,702,20.978749999999998,25.93,5.346875,8.45136247853912,11.10828335858575,1.972160864071507
103,chr14,19710601,19710603,2,18.51,18.51,5.61,6.663715781828153,6.663715781828153,1.7222322192617814
104,chr14,19775601,19775603,2,0.0,0.0,5.825,-4.01,-4.01,
105,chr14,19866601,19866603,2,0.0,0.0,5.33,-4.01,-4.01,
106,chr14,19872501,19872503,2,0.0,0.0,5.32,-4.01,-4.01,
107,chr14,20099201,20099403,202,0.0,0.0,5.55,-4.01,-4.01,
108,chr14,20212801,20212903,102,0.0,0.0,5.42,-4.01,-4.01,
109,chr14,20347501,20347503,2,0.0,0.0,5.12,-4.01,-4.01,
110,chr14,20455201,20455203,2,0.0,0.0,5.03,-4.01,-4.01,
111,chr14,20461301,20461303,2,0.0,0.0,5.03,-4.01,-4.01,
112,chr14,20506301,20506703,402,0.0,0.0,5.03,-4.01,-4.01,
113,chr14,20723401,20723503,102,0.0,0.0,5.1425,-4.01,-4.01,
114,chr14,20748801,20748803,2,0.0,0.0,5.19,-4.01,-4.01,
115,chr14,21024901,21024903,2,0.0,0.0,5.06,-4.01,-4.01,
116,chr14,21068101,21068103,2,0.0,0.0,5.04,-4.01,-4.01,
117,chr14,21070201,21070203,2,0.0,0.0,5.025,-4.01,-4.01,
118,chr14,21097901,21098503,602,0.0,0.0,5.035714285714286,-4.009999999999999,-4.01,
119,chr14,21476801,21477003,202,0.0,0.0,5.08,-4.01,-4.01,
120,chr14,21525101,21525103,2,0.0,0.0,5.06,-4.01,-4.01,
121,chr14,21599001,21599103,102,0.0,0.0,5.11,-4.01,-4.01,
122,chr14,22154301,22154403,102,0.0,0.0,5.46,-4.01,-4.01,
123,chr14,22161801,22161903,102,0.0,0.0,5.46,-4.01,-4.01,
124,chr14,22548701,22548703,2,0.0,0.0,5.05,-4.01,-4.01,
125,chr14,22598201,22598203,2,0.0,0.0,5.11,-4.01,-4.01,
126,chr14,22639201,22639203,2,0.0,0.0,5.085,-4.01,-4.01,
127,chr14,22883201,22883303,102,0.0,0.0,4.77,-4.01,-4.01,
128,chr14,23010101,23010203,102,0.0,0.0,4.83,-4.01,-4.01,
129,chr14,23048001,23048203,202,0.0,0.0,4.93,-4.01,-4.01,
130,chr14,23057501,23057603,102,0.0,0.0,4.96,-4.01,-4.01,
131,chr14,23232601,23232603,2,0.0,0.0,5.15,-4.01,-4.01,
132,chr14,23301301,23301703,402,0.0,0.0,4.932,-4.01,-4.01,
133,chr14,23321501,23321903,402,0.0,0.0,4.89,-4.01,-4.01,
134,chr14,23453101,23453303,202,0.0,0.0,4.72,-4.01,-4.01,
135,chr14,23512201,23512603,402,0.0,0.0,4.7490000000000006,-4.01,-4.01,
136,chr14,23525701,23525703,2,0.0,0.0,4.77,-4.01,-4.01,
137,chr14,23555701,23555703,2,0.0,0.0,4.85,-4.01,-4.01,
138,chr14,23575901,23576203,302,0.0,0.0,4.86875,-4.01,-4.01,
139,chr14,23580901,23580903,2,0.0,0.0,4.89,-4.01,-4.01,
140,chr14,23898401,23898503,102,0.0,0.0,5.0675,-4.01,-4.01,
141,chr14,24036601,24036603,2,0.0,0.0,4.65,-4.01,-4.01,
142,chr14,24051901,24051903,2,0.0,0.0,4.63,-4.01,-4.01,
143,chr14,24081301,24081403,102,0.0,0.0,4.53,-4.01,-4.01,
144,chr14,24136201,24136203,2,0.0,0.0,4.75,-4.01,-4.01,
145,chr14,24316401,24316403,2,0.0,0.0,4.625,-4.01,-4.01,
146,chr14,24354101,24354103,2,0.0,0.0,4.66,-4.01,-4.01,
147,chr14,24398801,24398903,102,0.0,0.0,4.79,-4.01,-4.01,
148,chr14,24692501,24692703,202,0.0,0.0,5.326666666666667,-4.01,-4.01,
149,chr14,25049901,25050003,102,0.0,0.0,5.3575,-4.01,-4.01,
150,chr14,25130301,25130303,2,0.0,0.0,5.3,-4.01,-4.01,
151,chr14,25180001,25180003,2,0.0,0.0,5.305,-4.01,-4.01,
152,chr14,25276501,25276503,2,0.0,0.0,5.325,-4.01,-4.01,
153,chr14,25866201,25867903,1702,0.0,0.0,5.234166666666668,-4.010000000000001,-4.01,
154,chr14,26598201,26598203,2,0.0,0.0,5.235,-4.01,-4.01,
155,chr14,26674701,26674703,2,17.33,17.33,5.27,6.632095109092171,6.632095109092171,1.7173967875229552
156,chr14,26906601,26906603,2,0.0,0.0,5.28,-4.01,-4.01,
157,chr14,27137101,27137103,2,0.0,0.0,5.365,-4.01,-4.01,
158,chr14,27493601,27493903,302,19.115000000000002,20.46,5.24,7.661684334593441,8.396850360949923,1.8670664832971986
159,chr14,27590001,27590003,2,0.0,0.0,5.33,-4.01,-4.01,
160,chr14,27845501,27845503,2,0.0,0.0,5.32,-4.01,-4.01,
161,chr14,27949501,27949603,102,0.0,0.0,5.365,-4.01,-4.01,
162,chr14,28664201,28664303,102,0.0,0.0,5.27,-4.01,-4.01,
163,chr14,28766701,28767703,1002,0.0,0.0,5.248636363636364,-4.009999999999999,-4.01,
164,chr14,29176601,29176603,2,0.0,0.0,5.41,-4.01,-4.01,
165,chr14,29826301,29826303,2,0.0,0.0,5.36,-4.01,-4.01,
166,chr14,29927201,29927803,602,0.0,0.0,5.260714285714285,-4.009999999999999,-4.01,
167,chr14,30711401,30711403,2,0.0,0.0,5.41,-4.01,-4.01,
168,chr14,30793901,30794003,102,0.0,0.0,5.28,-4.01,-4.01,
169,chr14,31026301,31026303,2,0.0,0.0,5.06,-4.01,-4.01,
170,chr14,31115901,31115903,2,18.55,18.55,5.0,7.839545319706005,7.839545319706005,1.8914191868460786
171,chr14,31203901,31203903,2,0.0,0.0,5.03,-4.01,-4.01,
172,chr14,31207701,31207903,202,0.0,0.0,5.06,-4.01,-4.01,
173,chr14,31344701,31344703,2,0.0,0.0,5.14,-4.01,-4.01,
174,chr14,31527501,31527503,2,0.0,0.0,5.37,-4.01,-4.01,
175,chr14,32934601,32934803,202,0.0,0.0,5.12,-4.01,-4.01,
176,chr14,32938701,32939403,702,0.0,0.0,5.13875,-4.01,-4.01,
177,chr14,33821001,33821003,2,0.0,0.0,5.25,-4.01,-4.01,
178,chr14,33853801,33854103,302,0.0,0.0,5.23,-4.01,-4.01,
179,chr14,33984501,33984603,102,0.0,0.0,5.08,-4.01,-4.01,
180,chr14,34027201,34027503,302,0.0,0.0,5.045,-4.01,-4.01,
181,chr14,34060201,34060203,2,0.0,0.0,5.07,-4.01,-4.01,
182,chr14,34079201,34079603,402,0.0,0.0,5.115,-4.01,-4.01,
183,chr14,34159601,34159603,2,0.0,0.0,5.27,-4.01,-4.01,
184,chr14,34277601,34277903,302,0.0,0.0,5.28,-4.01,-4.01,
185,chr14,34412601,34412603,2,0.0,0.0,5.03,-4.01,-4.01,
186,chr14,34462101,34462403,302,0.0,0.0,4.91,-4.01,-4.01,
187,chr14,34630101,34630103,2,0.0,0.0,4.78,-4.01,-4.01,
188,chr14,34714301,34714303,2,0.0,0.0,4.99,-4.01,-4.01,
189,chr14,34875001,34875003,2,0.0,0.0,5.07,-4.01,-4.01,
190,chr14,34877101,34877103,2,0.0,0.0,5.08,-4.01,-4.01,
191,chr14,34905901,34905903,2,0.0,0.0,5.035,-4.01,-4.01,
192,chr14,35007501,35007503,2,0.0,0.0,4.99,-4.01,-4.01,
193,chr14,35039001,35039703,702,0.0,0.0,5.03,-4.01,-4.01,
194,chr14,35534701,35534703,2,0.0,0.0,5.46,-4.01,-4.01,
195,chr14,35769001,35769003,2,0.0,0.0,5.43,-4.01,-4.01,
196,chr14,35824601,35824703,102,0.0,0.0,5.43,-4.01,-4.01,
197,chr14,35948101,35948403,302,30.043333333333333,33.22,5.400000000000001,13.148460960746243,14.833353929279395,2.4760135775832595
198,chr14,35948901,35949003,102,0.0,0.0,5.41,-4.01,-4.01,
199,chr14,36194601,36194603,2,0.0,0.0,5.505,-4.01,-4.01,
200,chr14,36517201,36517203,2,0.0,0.0,5.1850000000000005,-4.01,-4.01,
201,chr14,36518901,36518903,2,0.0,0.0,5.21,-4.01,-4.01,
202,chr14,36520301,36520303,2,0.0,0.0,5.21,-4.01,-4.01,
203,chr14,36581001,36581103,102,0.0,0.0,5.07,-4.01,-4.01,
204,chr14,36783201,36783203,2,0.0,0.0,5.275,-4.01,-4.01,
205,chr14,37300401,37301903,1502,0.0,0.0,5.2059375,-4.01,-4.01,
206,chr14,37555301,37555603,302,0.0,0.0,4.97,-4.01,-4.01,
207,chr14,37583901,37584003,102,0.0,0.0,4.9625,-4.01,-4.01,
208,chr14,37594801,37595303,502,0.0,0.0,4.97,-4.009999999999999,-4.01,
209,chr14,38052601,38052603,2,0.0,0.0,5.39,-4.01,-4.01,
210,chr14,38083901,38083903,2,0.0,0.0,5.36,-4.01,-4.01,
211,chr14,38100301,38101203,902,0.0,0.0,5.283499999999999,-4.01,-4.01,
212,chr14,38186701,38186703,2,0.0,0.0,5.25,-4.01,-4.01,
213,chr14,38757701,38757803,102,0.0,0.0,5.5,-4.01,-4.01,
214,chr14,39285501,39285503,2,0.0,0.0,5.15,-4.01,-4.01,
215,chr14,39431901,39431903,2,0.0,0.0,5.36,-4.01,-4.01,
216,chr14,40776001,40776003,2,0.0,0.0,5.37,-4.01,-4.01,
217,chr14,41154401,41154403,2,0.0,0.0,5.285,-4.01,-4.01,
218,chr14,41272501,41272603,102,0.0,0.0,5.3575,-4.01,-4.01,
219,chr14,41347301,41347703,402,0.0,0.0,5.31,-4.01,-4.01,
220,chr14,41539501,41539903,402,0.0,0.0,5.17,-4.01,-4.01,
221,chr14,41606801,41606803,2,0.0,0.0,5.2,-4.01,-4.01,
222,chr14,42038601,42038603,2,0.0,0.0,5.17,-4.01,-4.01,
223,chr14,42051201,42051303,102,0.0,0.0,5.15,-4.01,-4.01,
224,chr14,42074201,42074203,2,0.0,0.0,5.195,-4.01,-4.01,
225,chr14,42113701,42113703,2,0.0,0.0,5.22,-4.01,-4.01,
226,chr14,42253301,42253403,102,0.0,0.0,5.31,-4.01,-4.01,
227,chr14,42330201,42330203,2,0.0,0.0,5.35,-4.01,-4.01,
228,chr14,42501201,42501203,2,16.31,16.31,5.26,6.094597212811754,6.094597212811754,1.632622077419582
229,chr14,42938501,42938703,202,0.0,0.0,5.256666666666667,-4.01,-4.01,
230,chr14,43552901,43553003,102,0.0,0.0,5.48,-4.01,-4.01,
231,chr14,44385901,44385903,2,0.0,0.0,5.26,-4.01,-4.01,
232,chr14,44897401,44897703,302,0.0,0.0,5.41125,-4.01,-4.01,
233,chr14,44912301,44912303,2,0.0,0.0,5.43,-4.01,-4.01,
234,chr14,45200201,45200203,2,0.0,0.0,5.01,-4.01,-4.01,
235,chr14,45283501,45283503,2,0.0,0.0,5.16,-4.01,-4.01,
236,chr14,45331401,45331503,102,0.0,0.0,5.25,-4.01,-4.01,
237,chr14,45686501,45686503,2,16.78,16.78,5.44,6.048193448189151,6.048193448189151,1.6250641591894839
238,chr14,45701701,45701703,2,0.0,0.0,5.36,-4.01,-4.01,
239,chr14,46011101,46011303,202,0.0,0.0,5.31,-4.01,-4.01,
240,chr14,46108801,46108803,2,0.0,0.0,5.29,-4.01,-4.01,
241,chr14,46283401,46283403,2,0.0,0.0,5.33,-4.01,-4.01,
242,chr14,46721401,46721403,2,0.0,0.0,5.21,-4.01,-4.01,
243,chr14,46726701,46726703,2,0.0,0.0,5.23,-4.01,-4.01,
244,chr14,46901101,46901103,2,0.0,0.0,5.43,-4.01,-4.01,
245,chr14,47675901,47675903,2,0.0,0.0,5.155,-4.01,-4.01,
246,chr14,47865101,47865203,102,0.0,0.0,5.34,-4.01,-4.01,
247,chr14,48938401,48938503,102,0.0,0.0,5.59,-4.01,-4.01,
248,chr14,49535901,49535903,2,0.0,0.0,5.305,-4.01,-4.01,
249,chr14,49536501,49536503,2,21.55,21.55,5.305,8.848311524078792,8.848311524078792,2.0222632130616955
250,chr14,49599801,49599803,2,0.0,0.0,5.1,-4.01,-4.01,
251,chr14,49714901,49714903,2,0.0,0.0,5.04,-4.01,-4.01,
252,chr14,49821101,49821503,402,0.0,0.0,5.085,-4.01,-4.01,
253,chr14,50073901,50074303,402,0.0,0.0,5.14,-4.01,-4.01,
254,chr14,50178601,50178603,2,0.0,0.0,5.21,-4.01,-4.01,
255,chr14,50396801,50396903,102,0.0,0.0,5.35,-4.01,-4.01,
256,chr14,50532301,50532403,102,0.0,0.0,5.49,-4.01,-4.01,
257,chr14,50668101,50668203,102,0.0,0.0,5.35,-4.01,-4.01,
258,chr14,50830701,50831103,402,0.0,0.0,5.179,-4.01,-4.01,
259,chr14,50872001,50872103,102,0.0,0.0,5.14,-4.01,-4.01,
260,chr14,51094701,51095003,302,0.0,0.0,5.36125,-4.01,-4.01,
261,chr14,51651701,51651803,102,0.0,0.0,5.15,-4.01,-4.01,
262,chr14,52227301,52227303,2,0.0,0.0,5.28,-4.01,-4.01,
263,chr14,52357901,52357903,2,0.0,0.0,5.52,-4.01,-4.01,
264,chr14,52529601,52530403,802,0.0,0.0,5.570555555555555,-4.01,-4.01,
265,chr14,52553001,52553103,102,0.0,0.0,5.51,-4.01,-4.01,
266,chr14,52950901,52951203,302,0.0,0.0,5.34,-4.01,-4.01,
267,chr14,52956801,52956803,2,0.0,0.0,5.34,-4.01,-4.01,
268,chr14,53153101,53153103,2,0.0,0.0,5.23,-4.01,-4.01,
269,chr14,54097401,54097503,102,0.0,0.0,5.39,-4.01,-4.01,
270,chr14,54161301,54161303,2,0.0,0.0,5.37,-4.01,-4.01,
271,chr14,54203301,54204303,1002,0.0,0.0,5.348181818181818,-4.009999999999999,-4.01,
272,chr14,54441001,54441303,302,0.0,0.0,5.29625,-4.01,-4.01,
273,chr14,54566201,54566703,502,0.0,0.0,5.259999999999999,-4.009999999999999,-4.01,
274,chr14,54681201,54681203,2,0.0,0.0,5.1850000000000005,-4.01,-4.01,
275,chr14,54880401,54880403,2,0.0,0.0,5.13,-4.01,-4.01,
276,chr14,54902601,54902903,302,0.0,0.0,5.18,-4.01,-4.01,
277,chr14,55026201,55026203,2,16.53,16.53,5.105,6.4876762612714165,6.4876762612714165,1.6951038584145124
278,chr14,55129101,55129503,402,0.0,0.0,5.164,-4.01,-4.01,
279,chr14,55210601,55210603,2,0.0,0.0,5.21,-4.01,-4.01,
280,chr14,55301601,55301603,2,0.0,0.0,5.22,-4.01,-4.01,
281,chr14,55331701,55331703,2,0.0,0.0,5.19,-4.01,-4.01,
282,chr14,55489701,55489703,2,0.0,0.0,5.21,-4.01,-4.01,
283,chr14,55580201,55580503,302,0.0,0.0,5.27,-4.01,-4.01,
284,chr14,56047601,56047603,2,0.0,0.0,5.37,-4.01,-4.01,
285,chr14,56118201,56119203,1002,0.0,0.0,5.33909090909091,-4.009999999999999,-4.01,
286,chr14,56559901,56559903,2,0.0,0.0,5.045,-4.01,-4.01,
287,chr14,56798301,56798303,2,0.0,0.0,5.105,-4.01,-4.01,
288,chr14,56807901,56807903,2,0.0,0.0,5.11,-4.01,-4.01,
289,chr14,57132401,57132403,2,0.0,0.0,5.135,-4.01,-4.01,
290,chr14,57333901,57334003,102,0.0,0.0,5.0725,-4.01,-4.01,
291,chr14,57390601,57390603,2,0.0,0.0,5.09,-4.01,-4.01,
292,chr14,57454701,57454703,2,26.99,26.99,5.18,12.136973621847597,12.136973621847597,2.381400973780298
293,chr14,57498801,57498803,2,22.91,22.91,5.17,9.90554956630427,9.90554956630427,2.1477412729897405
294,chr14,57551801,57551803,2,0.0,0.0,5.135,-4.01,-4.01,
295,chr14,57667501,57667503,2,0.0,0.0,5.25,-4.01,-4.01,
296,chr14,57721001,57721003,2,0.0,0.0,5.3,-4.01,-4.01,
297,chr14,57865901,57865903,2,0.0,0.0,5.405,-4.01,-4.01,
298,chr14,58180901,58180903,2,0.0,0.0,5.2,-4.01,-4.01,
299,chr14,58200101,58200203,102,0.0,0.0,5.2125,-4.01,-4.01,
300,chr14,58299101,58299203,102,0.0,0.0,5.1875,-4.01,-4.01,
301,chr14,58395901,58396003,102,0.0,0.0,5.2575,-4.01,-4.01,
302,chr14,58637901,58638303,402,0.0,0.0,5.26,-4.01,-4.01,
303,chr14,58684201,58684203,2,0.0,0.0,5.3,-4.01,-4.01,
304,chr14,59465001,59465103,102,0.0,0.0,5.3125,-4.01,-4.01,
305,chr14,59630601,59630603,2,0.0,0.0,5.355,-4.01,-4.01,
306,chr14,59870501,59870503,2,0.0,0.0,5.47,-4.01,-4.01,
307,chr14,60279001,60279003,2,0.0,0.0,5.53,-4.01,-4.01,
308,chr14,60434501,60434803,302,0.0,0.0,5.546250000000001,-4.01,-4.01,
309,chr14,60515101,60515503,402,0.0,0.0,5.4990000000000006,-4.01,-4.01,
310,chr14,60590101,60590503,402,0.0,0.0,5.234,-4.01,-4.01,
311,chr14,60649401,60649403,2,0.0,0.0,5.2,-4.01,-4.01,
312,chr14,60723101,60723103,2,0.0,0.0,5.26,-4.01,-4.01,
313,chr14,61253901,61253903,2,0.0,0.0,5.265,-4.01,-4.01,
314,chr14,61340601,61340603,2,0.0,0.0,5.245,-4.01,-4.01,
315,chr14,61812601,61812603,2,0.0,0.0,5.33,-4.01,-4.01,
316,chr14,62817101,62817103,2,0.0,0.0,5.51,-4.01,-4.01,
317,chr14,63003201,63003203,2,0.0,0.0,5.42,-4.01,-4.01,
318,chr14,63045301,63045603,302,0.0,0.0,5.477500000000001,-4.01,-4.01,
319,chr14,63047101,63047103,2,0.0,0.0,5.48,-4.01,-4.01,
320,chr14,63064701,63064703,2,0.0,0.0,5.49,-4.01,-4.01,
321,chr14,63165801,63166003,202,0.0,0.0,5.505,-4.01,-4.01,
322,chr14,63395801,63395803,2,0.0,0.0,5.325,-4.01,-4.01,
323,chr14,63522901,63523103,202,0.0,0.0,5.28,-4.01,-4.01,
324,chr14,63532701,63532703,2,0.0,0.0,5.275,-4.01,-4.01,
325,chr14,63751201,63751203,2,0.0,0.0,5.01,-4.01,-4.01,
326,chr14,64037901,64037903,2,0.0,0.0,5.38,-4.01,-4.01,
327,chr14,64164201,64164203,2,0.0,0.0,5.23,-4.01,-4.01,
328,chr14,64338401,64338603,202,0.0,0.0,5.14,-4.01,-4.01,
329,chr14,64397001,64397003,2,0.0,0.0,5.15,-4.01,-4.01,
330,chr14,64465201,64465403,202,0.0,0.0,5.16,-4.01,-4.01,
331,chr14,64504901,64505003,102,0.0,0.0,5.11,-4.01,-4.01,
332,chr14,64750901,64751003,102,0.0,0.0,4.81,-4.01,-4.01,
333,chr14,64768601,64768603,2,0.0,0.0,4.805,-4.01,-4.01,
334,chr14,64879701,64879803,102,0.0,0.0,4.89,-4.01,-4.01,
335,chr14,64894901,64895703,802,0.0,0.0,4.921111111111111,-4.01,-4.01,
336,chr14,64972201,64972203,2,0.0,0.0,5.08,-4.01,-4.01,
337,chr14,64980601,64980603,2,16.42,16.42,5.07,6.4895574815319526,6.4895574815319526,1.6953964747744643
338,chr14,65037401,65037403,2,16.47,16.47,5.06,6.536191241273018,6.536191241273018,1.7026312650320448
339,chr14,65102801,65102803,2,0.0,0.0,5.04,-4.01,-4.01,
340,chr14,65692401,65692403,2,0.0,0.0,5.43,-4.01,-4.01,
341,chr14,65717401,65717403,2,0.0,0.0,5.43,-4.01,-4.01,
342,chr14,65791501,65791603,102,36.855,51.48,5.34,16.980983104103874,24.825190172846323,2.786948711395767
343,chr14,66475401,66475403,2,0.0,0.0,5.38,-4.01,-4.01,
344,chr14,66545301,66545803,502,0.0,0.0,5.32,-4.009999999999999,-4.01,
345,chr14,67241201,67241203,2,0.0,0.0,5.26,-4.01,-4.01,
346,chr14,67515001,67515403,402,0.0,0.0,4.86,-4.01,-4.01,
347,chr14,67533301,67533303,2,0.0,0.0,4.87,-4.01,-4.01,
348,chr14,68099501,68099503,2,0.0,0.0,5.5,-4.01,-4.01,
349,chr14,68136501,68136803,302,0.0,0.0,5.465,-4.01,-4.01,
350,chr14,68978701,68979203,502,0.0,0.0,4.97,-4.009999999999999,-4.01,
351,chr14,69017701,69017803,102,0.0,0.0,4.96,-4.01,-4.01,
352,chr14,69118401,69118403,2,16.72,16.72,5.02,6.753111502215645,6.753111502215645,1.7358155781301108
353,chr14,69152901,69153203,302,0.0,0.0,5.07,-4.01,-4.01,
354,chr14,69611501,69611903,402,0.0,0.0,4.86,-4.01,-4.01,
355,chr14,69726901,69726903,2,0.0,0.0,4.92,-4.01,-4.01,
356,chr14,70144301,70144303,2,21.53,21.53,5.17,9.141039910254714,9.141039910254714,2.058112133852299
357,chr14,70254901,70255003,102,0.0,0.0,5.21,-4.01,-4.01,
358,chr14,70553101,70553103,2,0.0,0.0,5.43,-4.01,-4.01,
359,chr14,70600701,70600803,102,0.0,0.0,5.295,-4.01,-4.01,
360,chr14,70607401,70607403,2,29.4,29.4,5.29,13.131492950857577,13.131492950857577,2.474476527609701
361,chr14,70641801,70642303,502,0.0,0.0,5.206666666666667,-4.009999999999999,-4.01,
362,chr14,70907401,70907703,302,0.0,0.0,5.27,-4.01,-4.01,
363,chr14,71167601,71167603,2,0.0,0.0,5.3,-4.01,-4.01,
364,chr14,71254401,71254403,2,0.0,0.0,5.18,-4.01,-4.01,
365,chr14,71674601,71674603,2,32.42,32.42,5.28,14.799842512324409,14.799842512324409,2.618274256159088
366,chr14,71932401,71932503,102,0.0,0.0,5.2,-4.01,-4.01,
367,chr14,72688201,72688203,2,0.0,0.0,5.02,-4.01,-4.01,
368,chr14,72888501,72888503,2,0.0,0.0,4.78,-4.01,-4.01,
369,chr14,73023101,73023303,202,0.0,0.0,4.79,-4.01,-4.01,
370,chr14,73054201,73054203,2,0.0,0.0,4.88,-4.01,-4.01,
371,chr14,73184001,73184603,602,0.0,0.0,4.929285714285714,-4.009999999999999,-4.01,
372,chr14,73238001,73238003,2,0.0,0.0,5.035,-4.01,-4.01,
373,chr14,73491301,73491403,102,0.0,0.0,4.71,-4.01,-4.01,
374,chr14,73537501,73537603,102,0.0,0.0,4.67,-4.01,-4.01,
375,chr14,73590701,73590703,2,0.0,0.0,4.615,-4.01,-4.01,
376,chr14,73592201,73592203,2,0.0,0.0,4.63,-4.01,-4.01,
377,chr14,73718901,73718903,2,0.0,0.0,4.655,-4.01,-4.01,
378,chr14,73776701,73776703,2,0.0,0.0,4.59,-4.01,-4.01,
379,chr14,73787001,73787303,302,0.0,0.0,4.58,-4.01,-4.01,
380,chr14,73834801,73834803,2,0.0,0.0,4.53,-4.01,-4.01,
381,chr14,73836501,73836503,2,26.92,26.92,4.52,14.271696863242914,14.271696863242914,2.5742837321951297
382,chr14,73999401,73999403,2,0.0,0.0,5.07,-4.01,-4.01,
383,chr14,74019301,74019403,102,0.0,0.0,5.09,-4.01,-4.01,
384,chr14,74357101,74357103,2,0.0,0.0,4.67,-4.01,-4.01,
385,chr14,74426001,74426103,102,0.0,0.0,4.76,-4.01,-4.01,
386,chr14,74540701,74540803,102,0.0,0.0,4.842499999999999,-4.01,-4.01,
387,chr14,74564101,74564203,102,0.0,0.0,4.88,-4.01,-4.01,
388,chr14,74612701,74612803,102,0.0,0.0,4.84,-4.01,-4.01,
389,chr14,75277101,75277103,2,0.0,0.0,4.985,-4.01,-4.01,
390,chr14,75310001,75310003,2,0.0,0.0,4.95,-4.01,-4.01,
391,chr14,75428001,75428303,302,0.0,0.0,5.08,-4.01,-4.01,
392,chr14,75487901,75487903,2,0.0,0.0,5.025,-4.01,-4.01,
393,chr14,75925001,75925003,2,0.0,0.0,5.21,-4.01,-4.01,
394,chr14,75982601,75982603,2,0.0,0.0,5.18,-4.01,-4.01,
395,chr14,75999301,75999303,2,0.0,0.0,5.1,-4.01,-4.01,
396,chr14,76266801,76266803,2,0.0,0.0,5.12,-4.01,-4.01,
397,chr14,76332501,76333303,802,0.0,0.0,5.001111111111111,-4.01,-4.01,
398,chr14,76413801,76414103,302,0.0,0.0,4.86625,-4.01,-4.01,
399,chr14,76518601,76518603,2,0.0,0.0,4.94,-4.01,-4.01,
400,chr14,76538901,76538903,2,0.0,0.0,4.99,-4.01,-4.01,
401,chr14,76750501,76750703,202,0.0,0.0,5.02,-4.01,-4.01,
402,chr14,76761501,76761903,402,0.0,0.0,4.954,-4.01,-4.01,
403,chr14,76821701,76821903,202,0.0,0.0,4.76,-4.01,-4.01,
404,chr14,76864301,76864303,2,0.0,0.0,4.65,-4.01,-4.01,
405,chr14,77220901,77221203,302,0.0,0.0,4.7725,-4.01,-4.01,
406,chr14,77269701,77269803,102,25.47,28.55,4.82,12.348369170125967,14.178567311786722,2.401693908044233
407,chr14,77271001,77271103,102,0.0,0.0,4.82,-4.01,-4.01,
408,chr14,77498901,77499103,202,0.0,0.0,5.17,-4.01,-4.01,
409,chr14,77747701,77747703,2,0.0,0.0,5.02,-4.01,-4.01,
410,chr14,77852801,77852803,2,0.0,0.0,5.03,-4.01,-4.01,
411,chr14,77937701,77937703,2,0.0,0.0,5.07,-4.01,-4.01,
412,chr14,78362001,78362003,2,0.0,0.0,5.38,-4.01,-4.01,
413,chr14,78926701,78926803,102,0.0,0.0,5.295,-4.01,-4.01,
414,chr14,78933901,78933903,2,0.0,0.0,5.3,-4.01,-4.01,
415,chr14,79026901,79026903,2,0.0,0.0,5.34,-4.01,-4.01,
416,chr14,79049001,79049003,2,31.7,31.7,5.35,14.184287375161862,14.184287375161862,2.56687204373826
417,chr14,79645501,79645503,2,0.0,0.0,5.14,-4.01,-4.01,
418,chr14,80354401,80354403,2,0.0,0.0,5.325,-4.01,-4.01,
419,chr14,81220201,81220303,102,0.0,0.0,5.17,-4.01,-4.01,
420,chr14,81436201,81436403,202,0.0,0.0,5.19,-4.01,-4.01,
421,chr14,81458101,81458203,102,0.0,0.0,5.2,-4.01,-4.01,
422,chr14,81460601,81460603,2,0.0,0.0,5.21,-4.01,-4.01,
423,chr14,82154601,82154703,102,0.0,0.0,5.22,-4.01,-4.01,
424,chr14,82200601,82200603,2,0.0,0.0,5.28,-4.01,-4.01,
425,chr14,82652001,82652003,2,0.0,0.0,5.12,-4.01,-4.01,
426,chr14,82676101,82676103,2,0.0,0.0,5.16,-4.01,-4.01,
427,chr14,82825701,82825803,102,0.0,0.0,5.21,-4.01,-4.01,
428,chr14,84099401,84099403,2,0.0,0.0,5.12,-4.01,-4.01,
429,chr14,84192201,84192303,102,0.0,0.0,5.16,-4.01,-4.01,
430,chr14,84396201,84396203,2,0.0,0.0,5.23,-4.01,-4.01,
431,chr14,84596301,84596303,2,0.0,0.0,5.21,-4.01,-4.01,
432,chr14,85140301,85140303,2,0.0,0.0,5.24,-4.01,-4.01,
433,chr14,85660201,85660203,2,0.0,0.0,5.1,-4.01,-4.01,
434,chr14,85775401,85775503,102,0.0,0.0,5.29,-4.01,-4.01,
435,chr14,85808701,85808703,2,0.0,0.0,5.275,-4.01,-4.01,
436,chr14,86306201,86306203,2,0.0,0.0,5.27,-4.01,-4.01,
437,chr14,86465401,86465503,102,0.0,0.0,5.27,-4.01,-4.01,
438,chr14,86809101,86809203,102,0.0,0.0,5.19,-4.01,-4.01,
439,chr14,87054001,87054103,102,0.0,0.0,5.27,-4.01,-4.01,
440,chr14,87391801,87391903,102,0.0,0.0,5.4,-4.01,-4.01,
441,chr14,87992801,87992903,102,0.0,0.0,5.26,-4.01,-4.01,
442,chr14,88323401,88323503,102,0.0,0.0,5.157500000000001,-4.01,-4.01,
443,chr14,88550801,88550803,2,0.0,0.0,5.1850000000000005,-4.01,-4.01,
444,chr14,88554601,88554903,302,0.0,0.0,5.191250000000001,-4.01,-4.01,
445,chr14,88563201,88563203,2,0.0,0.0,5.1850000000000005,-4.01,-4.01,
446,chr14,88792501,88792803,302,0.0,0.0,5.401249999999999,-4.01,-4.01,
447,chr14,89145001,89145003,2,15.94,15.94,5.14,6.095762514173042,6.095762514173042,1.6328113647965936
448,chr14,89360601,89360603,2,0.0,0.0,4.905,-4.01,-4.01,
449,chr14,89417001,89417403,402,0.0,0.0,4.911,-4.01,-4.01,
450,chr14,89506101,89506403,302,0.0,0.0,4.93,-4.01,-4.01,
451,chr14,89892001,89892003,2,0.0,0.0,5.4,-4.01,-4.01,
452,chr14,90020501,90020503,2,0.0,0.0,5.27,-4.01,-4.01,
453,chr14,90061801,90062103,302,0.0,0.0,5.205,-4.01,-4.01,
454,chr14,90085701,90085703,2,0.0,0.0,5.22,-4.01,-4.01,
455,chr14,90300901,90300903,2,0.0,0.0,4.94,-4.01,-4.01,
456,chr14,90343601,90343703,102,0.0,0.0,4.8725000000000005,-4.01,-4.01,
457,chr14,90445401,90445603,202,31.173333333333332,45.15,4.65,16.414619963383927,25.02346888915796,2.745009807815106
458,chr14,90694801,90694803,2,0.0,0.0,5.06,-4.01,-4.01,
459,chr14,90816101,90816703,602,0.0,0.0,5.0807142857142855,-4.009999999999999,-4.01,
460,chr14,91253401,91253503,102,0.0,0.0,4.65,-4.01,-4.01,
461,chr14,91264501,91264503,2,0.0,0.0,4.63,-4.01,-4.01,
462,chr14,91372501,91372503,2,0.0,0.0,4.695,-4.01,-4.01,
463,chr14,91417701,91418003,302,0.0,0.0,4.76625,-4.01,-4.01,
464,chr14,91439001,91439003,2,0.0,0.0,4.82,-4.01,-4.01,
465,chr14,91542901,91542903,2,0.0,0.0,5.13,-4.01,-4.01,
466,chr14,91557401,91557403,2,0.0,0.0,5.16,-4.01,-4.01,
467,chr14,91699901,91699903,2,0.0,0.0,5.43,-4.01,-4.01,
468,chr14,91791101,91791103,2,0.0,0.0,5.45,-4.01,-4.01,
469,chr14,91836301,91836503,202,0.0,0.0,5.355,-4.01,-4.01,
470,chr14,92173301,92173303,2,0.0,0.0,5.07,-4.01,-4.01,
471,chr14,92323401,92323603,202,0.0,0.0,5.038333333333333,-4.01,-4.01,
472,chr14,92513601,92513803,202,0.0,0.0,4.92,-4.01,-4.01,
473,chr14,92547101,92547203,102,0.0,0.0,4.85,-4.01,-4.01,
474,chr14,92678501,92678503,2,0.0,0.0,4.89,-4.01,-4.01,
475,chr14,92911301,92911503,202,0.0,0.0,4.78,-4.01,-4.01,
476,chr14,92923201,92923203,2,0.0,0.0,4.7,-4.01,-4.01,
477,chr14,93058601,93059703,1102,0.0,0.0,4.2941666666666665,-4.009999999999999,-4.01,
478,chr14,93115301,93116003,702,0.0,0.0,4.342499999999999,-4.01,-4.01,
479,chr14,93185001,93185003,2,0.0,0.0,4.57,-4.01,-4.01,
480,chr14,93332601,93332903,302,0.0,0.0,5.2,-4.01,-4.01,
481,chr14,93788801,93788803,2,0.0,0.0,4.86,-4.01,-4.01,
482,chr14,93939701,93939703,2,0.0,0.0,4.68,-4.01,-4.01,
483,chr14,94012301,94012303,2,0.0,0.0,4.68,-4.01,-4.01,
484,chr14,94174001,94174403,402,0.0,0.0,5.353,-4.01,-4.01,
485,chr14,94501901,94501903,2,0.0,0.0,5.11,-4.01,-4.01,
486,chr14,94769701,94770303,602,0.0,0.0,4.726428571428572,-4.009999999999999,-4.01,
487,chr14,95125601,95125603,2,0.0,0.0,5.18,-4.01,-4.01,
488,chr14,95157101,95157403,302,0.0,0.0,5.15,-4.01,-4.01,
489,chr14,95319801,95320003,202,0.0,0.0,4.98,-4.01,-4.01,
490,chr14,95355001,95355003,2,0.0,0.0,4.99,-4.01,-4.01,
491,chr14,95516601,95516703,102,0.0,0.0,4.9,-4.01,-4.01,
492,chr14,95708301,95708303,2,0.0,0.0,5.13,-4.01,-4.01,
493,chr14,95876301,95876603,302,0.0,0.0,5.25,-4.01,-4.01,
494,chr14,96039401,96039503,102,0.0,0.0,5.137499999999999,-4.01,-4.01,
495,chr14,96363401,96363503,102,0.0,0.0,5.09,-4.01,-4.01,
496,chr14,96740401,96740403,2,0.0,0.0,5.07,-4.01,-4.01,
497,chr14,96797501,96797503,2,0.0,0.0,5.095,-4.01,-4.01,
498,chr14,96998901,96999003,102,0.0,0.0,5.045,-4.01,-4.01,
499,chr14,97147301,97147303,2,0.0,0.0,4.98,-4.01,-4.01,
500,chr14,97564401,97564403,2,0.0,0.0,5.17,-4.01,-4.01,
501,chr14,97646601,97646603,2,17.75,17.75,5.25,6.8971064615461195,6.8971064615461195,1.7574296967259218
502,chr14,97721801,97721803,2,0.0,0.0,5.29,-4.01,-4.01,
503,chr14,97788001,97788303,302,0.0,0.0,5.27,-4.01,-4.01,
504,chr14,98312801,98312803,2,0.0,0.0,5.18,-4.01,-4.01,
505,chr14,99174501,99175903,1402,0.0,0.0,4.735333333333333,-4.009999999999999,-4.01,
506,chr14,99270801,99271203,402,0.0,0.0,4.688000000000001,-4.01,-4.01,
507,chr14,99376501,99376603,102,0.0,0.0,4.89,-4.01,-4.01,
508,chr14,99420901,99420903,2,58.07,58.07,4.86,31.435943894132826,31.435943894132826,3.5787648150969082
509,chr14,99480501,99480803,302,0.0,0.0,4.72875,-4.01,-4.01,
510,chr14,99510301,99510403,102,0.0,0.0,4.702500000000001,-4.01,-4.01,
511,chr14,99633001,99633003,2,0.0,0.0,4.38,-4.01,-4.01,
512,chr14,99645301,99645303,2,0.0,0.0,4.46,-4.01,-4.01,
513,chr14,99673601,99673703,102,0.0,0.0,4.525,-4.01,-4.01,
514,chr14,99675201,99675303,102,0.0,0.0,4.532500000000001,-4.01,-4.01,
515,chr14,99730201,99730403,202,0.0,0.0,4.738333333333334,-4.01,-4.01,
516,chr14,99753001,99753003,2,0.0,0.0,4.795,-4.01,-4.01,
517,chr14,99793101,99793703,602,0.0,0.0,4.87,-4.009999999999999,-4.01,
518,chr14,99927901,99928103,202,26.153333333333332,34.32,5.17,11.702331922188847,16.226604041322684,2.3387586490410044
519,chr14,99971301,99972003,702,0.0,0.0,5.19875,-4.01,-4.01,
520,chr14,100159701,100159703,2,0.0,0.0,4.75,-4.01,-4.01,
521,chr14,100166001,100166103,102,0.0,0.0,4.692500000000001,-4.01,-4.01,
522,chr14,100285401,100285403,2,0.0,0.0,4.695,-4.01,-4.01,
523,chr14,100292501,100292603,102,0.0,0.0,4.73,-4.01,-4.01,
524,chr14,100306201,100306503,302,0.0,0.0,4.7625,-4.01,-4.01,
525,chr14,100526801,100526903,102,25.634999999999998,32.0,4.54,13.385885450314383,17.401361010089886,2.4973506951063804
526,chr14,100546301,100546403,102,0.0,0.0,4.48,-4.01,-4.01,
527,chr14,100587001,100587403,402,0.0,0.0,4.39,-4.01,-4.01,
528,chr14,100685701,100686703,1002,0.0,0.0,4.325909090909092,-4.009999999999999,-4.01,
529,chr14,100693901,100693903,2,0.0,0.0,4.35,-4.01,-4.01,
530,chr14,100710001,100710003,2,0.0,0.0,4.32,-4.01,-4.01,
531,chr14,100726901,100726903,2,0.0,0.0,4.3149999999999995,-4.01,-4.01,
532,chr14,100733901,100734003,102,0.0,0.0,4.32,-4.01,-4.01,
533,chr14,100957301,100957303,2,16.73,16.73,4.77,7.2590913691574315,7.2590913691574315,1.810376274032841
534,chr14,101230001,101230003,2,0.0,0.0,4.82,-4.01,-4.01,
535,chr14,101366201,101366203,2,0.0,0.0,4.99,-4.01,-4.01,
536,chr14,101419601,101419703,102,0.0,0.0,4.76,-4.01,-4.01,
537,chr14,101560501,101561203,702,0.0,0.0,4.52,-4.01,-4.01,
538,chr14,101705801,101705803,2,0.0,0.0,4.78,-4.01,-4.01,
539,chr14,101719001,101719003,2,0.0,0.0,4.82,-4.01,-4.01,
540,chr14,101776001,101776003,2,0.0,0.0,4.88,-4.01,-4.01,
541,chr14,101918401,101918503,102,0.0,0.0,4.83,-4.01,-4.01,
542,chr14,101965401,101965403,2,0.0,0.0,4.81,-4.01,-4.01,
543,chr14,102261601,102261603,2,0.0,0.0,4.76,-4.01,-4.01,
544,chr14,102319801,102319903,102,0.0,0.0,4.79,-4.01,-4.01,
545,chr14,102363101,102363203,102,0.0,0.0,4.8,-4.01,-4.01,
546,chr14,102410901,102410903,2,15.32,15.32,4.65,6.649848799305394,6.649848799305394,1.7201136759295632
547,chr14,102414401,102414403,2,15.41,15.41,4.64,6.72574004658429,6.72574004658429,1.7316701513872133
548,chr14,102507001,102507803,802,0.0,0.0,4.62,-4.01,-4.01,
549,chr14,102509401,102509803,402,0.0,0.0,4.617,-4.01,-4.01,
550,chr14,102517101,102517303,202,0.0,0.0,4.62,-4.01,-4.01,
551,chr14,102555201,102555203,2,0.0,0.0,4.59,-4.01,-4.01,
552,chr14,102676501,102676903,402,0.0,0.0,4.769,-4.01,-4.01,
553,chr14,102777101,102778103,1002,0.0,0.0,4.769999999999999,-4.009999999999999,-4.01,
554,chr14,102820501,102820503,2,0.0,0.0,4.55,-4.01,-4.01,
555,chr14,102908801,102908803,2,0.0,0.0,4.63,-4.01,-4.01,
556,chr14,102948201,102948603,402,0.0,0.0,4.519,-4.01,-4.01,
557,chr14,102972701,102972703,2,28.77,28.77,4.45,15.730737177455076,15.730737177455076,2.6926879798855268
558,chr14,103077501,103077503,2,0.0,0.0,4.49,-4.01,-4.01,
559,chr14,103109301,103109403,102,0.0,0.0,4.44,-4.01,-4.01,
560,chr14,103123301,103123303,2,0.0,0.0,4.49,-4.01,-4.01,
561,chr14,103144901,103145003,102,0.0,0.0,4.53,-4.01,-4.01,
562,chr14,103191801,103191803,2,0.0,0.0,4.54,-4.01,-4.01,
563,chr14,103199501,103199503,2,0.0,0.0,4.59,-4.01,-4.01,
564,chr14,103207401,103207603,202,0.0,0.0,4.6,-4.01,-4.01,
565,chr14,103279101,103279403,302,0.0,0.0,4.85,-4.01,-4.01,
566,chr14,103369301,103369303,2,0.0,0.0,5.06,-4.01,-4.01,
567,chr14,103385901,103385903,2,0.0,0.0,5.075,-4.01,-4.01,
568,chr14,103562701,103562803,102,0.0,0.0,4.8025,-4.01,-4.01,
569,chr14,103629201,103629203,2,0.0,0.0,4.535,-4.01,-4.01,
570,chr14,103646501,103646803,302,14.055,14.08,4.5675,6.027058354434509,6.047559114992911,1.6216068197528544
571,chr14,103715101,103716103,1002,0.0,0.0,4.746818181818181,-4.009999999999999,-4.01,
572,chr14,103727401,103727403,2,0.0,0.0,4.74,-4.01,-4.01,
573,chr14,103896701,103896703,2,28.93,28.93,4.67,14.956537670940762,14.956537670940762,2.6310718682199377
574,chr14,103928301,103928603,302,0.0,0.0,4.66,-4.01,-4.01,
575,chr14,104085201,104085903,702,0.0,0.0,4.157500000000001,-4.01,-4.01,
576,chr14,104097101,104097103,2,0.0,0.0,4.09,-4.01,-4.01,
577,chr14,104117001,104117503,502,0.0,0.0,4.02,-4.009999999999999,-4.01,
578,chr14,104123101,104123103,2,12.95,12.95,3.97,6.556309038290439,6.556309038290439,1.7057411854309583
579,chr14,104136301,104136303,2,0.0,0.0,3.99,-4.01,-4.01,
580,chr14,104138301,104139003,702,0.0,0.0,3.97,-4.01,-4.01,
581,chr14,104153501,104153503,2,22.07,22.07,3.885,13.484262715825922,13.484262715825922,2.506100125871904
582,chr14,104185501,104185803,302,0.0,0.0,3.76,-4.01,-4.01,
583,chr14,104234301,104234303,2,11.82,11.82,3.85,6.006866887596902,6.006866887596902,1.6182996845952686
584,chr14,104251801,104251803,2,12.6,12.6,3.88,6.5146585384412665,6.5146585384412665,1.6992951762001511
585,chr14,104263401,104263403,2,0.0,0.0,3.88,-4.01,-4.01,
586,chr14,104354901,104355003,102,0.0,0.0,4.297499999999999,-4.01,-4.01,
587,chr14,104461501,104461703,202,0.0,0.0,4.406666666666667,-4.01,-4.01,
588,chr14,104548701,104548703,2,0.0,0.0,4.35,-4.01,-4.01,
589,chr14,104604601,104604703,102,0.0,0.0,4.06,-4.01,-4.01,
590,chr14,104621501,104621503,2,0.0,0.0,3.9450000000000003,-4.01,-4.01,
591,chr14,104670901,104670903,2,11.97,11.97,3.71,6.45448984465646,6.45448984465646,1.6899320603226988
592,chr14,104689501,104689803,302,0.0,0.0,3.7187500000000004,-4.01,-4.01,
593,chr14,104699701,104699703,2,12.02,12.02,3.72,6.468145214776178,6.468145214776178,1.6920623696031538
594,chr14,104724201,104724203,2,0.0,0.0,3.77,-4.01,-4.01,
595,chr14,104750001,104750003,2,12.13,12.13,3.72,6.552837563497422,6.552837563497422,1.705205024012479
596,chr14,104764901,104764903,2,11.34,11.34,3.64,6.136482870133543,6.136482870133543,1.6394102847435326
597,chr14,104780901,104780903,2,0.0,0.0,3.605,-4.01,-4.01,
598,chr14,104795101,104795803,702,0.0,0.0,3.65,-4.01,-4.01,
599,chr14,104800501,104800803,302,0.0,0.0,3.62,-4.01,-4.01,
600,chr14,104806601,104806603,2,18.97,18.97,3.63,12.18128362370606,12.18128362370606,2.385678225415725
601,chr14,104807801,104808103,302,0.0,0.0,3.63,-4.01,-4.01,
602,chr14,104826501,104826803,302,0.0,0.0,3.64,-4.01,-4.01,
603,chr14,104828201,104828203,2,11.47,11.47,3.65,6.214047074627708,6.214047074627708,1.6518970222484455
604,chr14,104830201,104830203,2,0.0,0.0,3.63,-4.01,-4.01,
605,chr14,104837801,104837803,2,11.86,11.86,3.67,6.4693619985824276,6.4693619985824276,1.6922520417027909
606,chr14,104839501,104839503,2,11.5,11.5,3.68,6.164022689822617,6.164022689822617,1.6438561897747248
607,chr14,104855001,104855003,2,0.0,0.0,3.67,-4.01,-4.01,
608,chr14,104864901,104865603,702,0.0,0.0,3.66625,-4.01,-4.01,
609,chr14,104890201,104890203,2,0.0,0.0,3.6950000000000003,-4.01,-4.01,
610,chr14,104933601,104934003,402,0.0,0.0,3.8,-4.01,-4.01,
611,chr14,104949001,104949203,202,0.0,0.0,3.85,-4.01,-4.01,
612,chr14,104951001,104951703,702,0.0,0.0,3.83,-4.01,-4.01,
613,chr14,104978201,104978403,202,0.0,0.0,3.7900000000000005,-4.01,-4.01,
614,chr14,105008001,105008003,2,0.0,0.0,3.89,-4.01,-4.01,
615,chr14,105017501,105017503,2,0.0,0.0,3.98,-4.01,-4.01,
616,chr14,105020801,105021203,402,0.0,0.0,3.9770000000000003,-4.01,-4.01,
617,chr14,105039401,105039403,2,12.0,12.0,3.8449999999999998,6.152383624284322,6.152383624284322,1.6419789025340545
618,chr14,105045901,105045903,2,0.0,0.0,3.79,-4.01,-4.01,
619,chr14,105075201,105075203,2,0.0,0.0,3.7350000000000003,-4.01,-4.01,
620,chr14,105089501,105089503,2,0.0,0.0,3.685,-4.01,-4.01,
621,chr14,105093301,105093403,102,0.0,0.0,3.685,-4.01,-4.01,
622,chr14,105131101,105131403,302,12.233333333333334,16.0,3.73,6.607145525838539,9.499441870664471,1.7135700267541811
623,chr14,105134301,105134303,2,11.66,11.66,3.75,6.119151143609217,6.119151143609217,1.6366052878172532
624,chr14,105139201,105139203,2,0.0,0.0,3.745,-4.01,-4.01,
625,chr14,105149801,105150003,202,0.0,0.0,3.72,-4.01,-4.01,
626,chr14,105159301,105159303,2,0.0,0.0,3.69,-4.01,-4.01,
627,chr14,105162501,105162603,102,25.01,26.85,3.68,16.678845585458333,18.110916209290288,2.764727386123957
628,chr14,105181001,105181303,302,0.0,0.0,3.69,-4.01,-4.01,
629,chr14,105198801,105198803,2,0.0,0.0,3.64,-4.01,-4.01,
630,chr14,105208101,105208103,2,0.0,0.0,3.675,-4.01,-4.01,
631,chr14,105230301,105231703,1402,12.691428571428572,21.24,3.6421428571428573,7.1944745218626815,13.926317582186483,1.8009950549184215
632,chr14,105233401,105234103,702,14.9875,20.81,3.64,9.006525507730824,13.587971226006404,2.0417493981028896
633,chr14,105248501,105249003,502,0.0,0.0,3.66,-4.009999999999999,-4.01,
634,chr14,105269401,105269403,2,11.71,11.71,3.64,6.427618106846632,6.427618106846632,1.685730720302519
635,chr14,105301801,105301803,2,11.79,11.79,3.8,6.099956372440663,6.099956372440663,1.6334923946488147
636,chr14,105314301,105315103,802,0.0,0.0,3.8899999999999997,-4.01,-4.01,
637,chr14,105346401,105346903,502,0.0,0.0,3.9325000000000006,-4.009999999999999,-4.01,
638,chr14,105411401,105411403,2,0.0,0.0,3.79,-4.01,-4.01,
639,chr14,105419801,105420203,402,0.0,0.0,3.8049999999999997,-4.01,-4.01,
640,chr14,105449301,105449303,2,0.0,0.0,3.79,-4.01,-4.01,
641,chr14,105470101,105470103,2,0.0,0.0,3.75,-4.01,-4.01,
642,chr14,105474601,105474903,302,0.0,0.0,3.72,-4.01,-4.01,
643,chr14,105490601,105490603,2,0.0,0.0,3.7,-4.01,-4.01,
644,chr14,105494001,105494003,2,0.0,0.0,3.72,-4.01,-4.01,
645,chr14,105520901,105521203,302,12.174999999999999,16.21,3.61125,6.870956776284171,10.07444822290392,1.7533515684050889
646,chr14,105526401,105526603,202,0.0,0.0,3.6199999999999997,-4.01,-4.01,
647,chr14,105528501,105528703,202,0.0,0.0,3.6199999999999997,-4.01,-4.01,
648,chr14,105548001,105548003,2,0.0,0.0,3.64,-4.01,-4.01,
649,chr14,105575201,105575203,2,0.0,0.0,3.59,-4.01,-4.01,
650,chr14,105582701,105582903,202,22.52333333333333,29.21,3.6,15.133027967229419,20.45290513650146,2.6453515427310212
651,chr14,105587001,105587003,2,0.0,0.0,3.59,-4.01,-4.01,
652,chr14,105609001,105609003,2,0.0,0.0,3.415,-4.01,-4.01,
653,chr14,105615801,105615803,2,12.02,12.02,3.35,7.490291080998331,7.490291080998331,1.8432038953660506
654,chr14,105617201,105617503,302,11.614999999999998,13.19,3.35,7.144029228668813,8.49060309883916,1.7937561534636726
655,chr14,105624001,105624003,2,0.0,0.0,3.28,-4.01,-4.01,
656,chr14,105642701,105643003,302,0.0,0.0,2.9625,-4.01,-4.01,
657,chr14,105653101,105653503,402,10.274,12.55,2.81,7.685534023434824,10.0053865073078,1.8703559432386705
658,chr14,105654901,105655503,602,8.765714285714285,13.74,2.8099999999999996,6.148187643524527,11.218314651336287,1.6413015252244034
659,chr14,105659001,105659003,2,8.58,8.58,2.77,6.085181256561112,6.085181256561112,1.6310916714503572
660,chr14,105662701,105662703,2,9.03,9.03,2.705,6.774836546475527,6.774836546475527,1.7390973936540428
661,chr14,105668001,105668403,402,8.05,9.65,2.586,6.13144565349929,7.947159170467747,1.6382665080790875
662,chr14,105673701,105674503,802,7.6414285714285715,12.83,2.432857142857143,6.205597663170288,12.273799408712229,1.6511907686676088
663,chr14,105677101,105677403,302,7.763333333333333,10.08,2.35,6.675403937410837,9.498919068086606,1.72401547692471
664,chr14,105678601,105678603,2,7.57,7.57,2.29,6.681506725290278,6.681506725290278,1.7249457018887877
665,chr14,105685801,105685803,2,6.79,6.79,2.09,6.518614339503499,6.518614339503499,1.6999086321638492
666,chr14,105694001,105703103,9102,5.5495238095238095,10.49,1.7153174603174601,6.49002963044519,14.939151608273738,1.6938883766340525
667,chr14,105704901,105707503,2602,4.9030000000000005,7.07,1.5295,6.411053872112815,10.71323370486213,1.6806046547274829
668,chr14,105708901,105709303,402,4.9159999999999995,5.78,1.42,7.124971647726911,8.749982971358891,1.7915939859806171
669,chr14,105712901,105712903,2,4.13,4.13,1.34,6.041121106434053,6.041121106434053,1.6239087809616728
670,chr14,105717401,105719103,1702,0.0,0.0,1.1766666666666665,-4.009999999999999,-4.01,
671,chr14,105720601,105720603,2,3.38,3.38,1.085,6.135975223687661,6.135975223687661,1.6393282038377048
672,chr14,105725301,105725603,302,3.9066666666666663,5.28,0.9666666666666667,8.80301881363666,12.966358153024407,2.014847764407313
673,chr14,105734401,105735003,602,3.4899999999999998,5.55,0.82,9.403645869344908,16.59892754030546,2.0895312215915687
674,chr14,105736101,105736103,2,0.0,0.0,0.82,-4.01,-4.01,
675,chr14,105741101,105741403,302,3.64,4.64,0.7966666666666667,10.30584888858048,13.825600527323575,2.1918903329391037
676,chr14,105741701,105742403,702,0.0,0.0,0.78,-4.01,-4.01,
677,chr14,105743401,105743403,2,3.06,3.06,0.76,8.745518419624958,8.745518419624958,2.009460329249066
678,chr14,105744001,105747103,3102,0.0,0.0,0.7182,-4.01,-4.01,
679,chr14,105747501,105747503,2,2.37,2.37,0.69,7.051283837196767,7.051283837196767,1.7802187921200903
680,chr14,105750001,105750003,2,2.68,2.68,0.66,8.843730599568776,8.843730599568776,2.021695071099319
681,chr14,105750801,105751003,202,0.0,0.0,0.64,-4.01,-4.01,
682,chr14,105751401,105751903,502,2.5333333333333337,3.12,0.6333333333333333,8.677013022284347,11.397899850732264,2.0000000000000004
683,chr14,105752001,105752003,2,0.0,0.0,0.63,-4.01,-4.01,
684,chr14,105752101,105752203,102,3.0300000000000002,3.25,0.6275,11.039836732214788,11.988913124059737,2.271630429522179
685,chr14,105752301,105752303,2,0.0,0.0,0.62,-4.01,-4.01,
686,chr14,105752401,105752403,2,2.89,2.89,0.62,10.564175171112737,10.564175171112737,2.2207293721138037
687,chr14,105755001,105756003,1002,4.1080000000000005,9.25,0.5589999999999999,18.244656781151907,44.523057256749986,2.877515993475005
688,chr14,105756201,105756403,202,0.0,0.0,0.5416666666666666,-4.01,-4.01,
689,chr14,105756901,105757003,102,2.94,4.22,0.53,13.101459155272702,20.018630470385542,2.4717518902731648
690,chr14,105757501,105758903,1402,0.0,0.0,0.5146666666666666,-4.009999999999999,-4.01,
691,chr14,105759201,105760903,1702,1.8141176470588238,4.91,0.47882352941176476,8.013865298937667,26.51135947010165,1.9217020656487873
692,chr14,105761101,105761503,402,0.0,0.0,0.4600000000000001,-4.01,-4.01,
693,chr14,105762001,105765103,3102,3.0589285714285714,7.25,0.43535714285714283,17.18879359913453,44.406817758062324,2.812755120351149
694,chr14,105765501,105765503,2,0.0,0.0,0.4,-4.01,-4.01,
695,chr14,105765701,105765703,2,1.31,1.31,0.395,6.712378846416499,6.712378846416499,1.7296422533603473
696,chr14,105767901,105769103,1202,2.5441666666666665,6.2,0.34541666666666665,18.24009614178161,47.949797678062176,2.8807835827110297
697,chr14,105770001,105770003,2,1.17,1.17,0.32,7.68559772764407,7.68559772764407,1.8703647195834043
698,chr14,105770101,105770103,2,0.0,0.0,0.32,-4.01,-4.01,
699,chr14,105770201,105770203,2,1.33,1.33,0.32,9.117668351476025,9.117668351476025,2.05528243550119
700,chr14,105771501,105771703,202,1.0866666666666667,1.35,0.29833333333333334,7.656100039417777,10.102216905360496,1.8649123769668212
701,chr14,105774401,105774403,2,0.86,0.86,0.255,6.873038047700204,6.873038047700204,1.7538394127306023
702,chr14,105774801,105775703,902,0.0,0.0,0.2365,-4.01,-4.01,
703,chr14,105775901,105776803,902,1.6177777777777778,3.52,0.22,18.174938601799468,43.03984125349546,2.878438020119087
704,chr14,105776901,105777803,902,0.0,0.0,0.195,-4.01,-4.01,
705,chr14,105778001,105778003,2,0.93,0.93,0.19,11.232798976806777,11.232798976806777,2.291231297664446
706,chr14,105778101,105778103,2,0.0,0.0,0.19,-4.01,-4.01,
707,chr14,105778301,105778303,2,0.91,0.91,0.19,10.9313104244211,10.9313104244211,2.2598671267551107
708,chr14,105778601,105778603,2,0.0,0.0,0.19,-4.01,-4.01,
709,chr14,105778701,105778703,2,0.82,0.82,0.19,9.574611938685564,9.574611938685564,2.109624491174498
710,chr14,105778901,105779703,802,0.0,0.0,0.19,-4.01,-4.01,
711,chr14,105779801,105779803,2,0.71,0.71,0.19,7.916424900564351,7.916424900564351,1.9018196060610963
712,chr14,105780201,105780403,202,0.0,0.0,0.19000000000000003,-4.01,-4.01,
713,chr14,105780901,105783103,2202,0.0,0.0,0.19,-4.010000000000002,-4.01,
714,chr14,105783201,105783203,2,0.81,0.81,0.19,9.423867662492727,9.423867662492727,2.0919224894410395
715,chr14,105783301,105783403,102,0.0,0.0,0.19,-4.01,-4.01,
716,chr14,105783501,105783703,202,0.825,0.88,0.19,9.649984076781982,10.479077595842588,2.1183947008022304
717,chr14,105783901,105783903,2,0.0,0.0,0.19,-4.01,-4.01,
718,chr14,105784001,105784003,2,0.95,0.95,0.19,11.534287529192449,11.534287529192449,2.321928094887362
719,chr14,105784201,105784303,102,0.0,0.0,0.19,-4.01,-4.01,
720,chr14,105784501,105784503,2,0.92,0.92,0.19,11.082054700613936,11.082054700613936,2.2756344426134274
721,chr14,105784601,105784603,2,0.0,0.0,0.19,-4.01,-4.01,
722,chr14,105784701,105784703,2,0.73,0.73,0.19,8.217913452950027,8.217913452950027,1.9418970454364317
723,chr14,105784901,105785003,102,0.0,0.0,0.19,-4.01,-4.01,
724,chr14,105785101,105785103,2,0.67,0.67,0.19,7.313447795793005,7.313447795793005,1.818161677014187
725,chr14,105787201,105787303,102,0.0,0.0,0.185,-4.01,-4.01,
726,chr14,105787401,105787403,2,0.65,0.65,0.18,7.556313574103687,7.556313574103687,1.8524428115861422
727,chr14,105787601,105787603,2,0.0,0.0,0.18,-4.01,-4.01,
728,chr14,105787701,105787703,2,0.66,0.66,0.18,7.715432532307236,7.715432532307236,1.8744691179161412
729,chr14,105788101,105788103,2,0.0,0.0,0.18,-4.01,-4.01,
730,chr14,105788201,105788503,302,0.9500000000000001,1.39,0.18000000000000002,12.329882320210203,19.33111648116643,2.3999306068886357
731,chr14,105791001,105791103,102,1.01,1.2,0.18,13.284596069431505,16.307856275298967,2.4882864813094825
732,chr14,105791201,105791203,2,0.0,0.0,0.18,-4.01,-4.01,
733,chr14,105791301,105791303,2,0.82,0.82,0.18,10.261335863564044,10.261335863564044,2.187627003175771
734,chr14,105791501,105792403,902,0.0,0.0,0.18,-4.01,-4.01,
735,chr14,105792501,105792803,302,0.63,0.99,0.18000000000000002,7.238075657696584,12.966358153024403,1.807354922057604
736,chr14,105792901,105794203,1302,0.0,0.0,0.18,-4.009999999999999,-4.01,
737,chr14,105794401,105794403,2,0.7,0.7,0.18,8.351908365121439,8.351908365121439,1.959358015502654
738,chr14,105794501,105794803,302,0.0,0.0,0.18,-4.01,-4.01,
739,chr14,105794901,105794903,2,0.95,0.95,0.18,12.329882320210201,12.329882320210201,2.3999306068886357
740,chr14,105795101,105795903,802,0.0,0.0,0.18,-4.01,-4.01,
741,chr14,105796001,105796003,2,1.35,1.35,0.18,18.694640648352227,18.694640648352227,2.9068905956085187
742,chr14,105796201,105796203,2,0.0,0.0,0.18,-4.01,-4.01,
743,chr14,105796301,105796303,2,0.98,0.98,0.18,12.807239194820854,12.807239194820854,2.4447848426728958
744,chr14,105796501,105796703,202,0.0,0.0,0.18000000000000002,-4.01,-4.01,
745,chr14,105796801,105797103,302,0.7166666666666667,0.91,0.18000000000000002,8.617106628794025,11.693406487396002,1.9933053474259916
746,chr14,105797201,105799403,2202,0.0,0.0,0.17826086956521733,-4.010000000000002,-4.01,
747,chr14,105799801,105799803,2,0.92,0.92,0.17,12.713639807642293,12.713639807642293,2.4360991148066735
748,chr14,105799901,105801103,1202,0.0,0.0,0.16999999999999998,-4.009999999999999,-4.01,
749,chr14,105801301,105801703,402,0.712,0.97,0.17,9.209278751677038,13.556034292249326,2.066342494828696
750,chr14,105802001,105802003,2,0.0,0.0,0.17,-4.01,-4.01,
751,chr14,105802101,105802103,2,0.99,0.99,0.17,13.89299208609214,13.89299208609214,2.5418937788292704
752,chr14,105802301,105802503,202,0.0,0.0,0.17,-4.01,-4.01,
753,chr14,105802701,105803103,402,1.35,2.1,0.17,19.958232375262774,32.59414964436826,2.9893527558004913
754,chr14,105803201,105803203,2,0.0,0.0,0.17,-4.01,-4.01,
755,chr14,105803401,105803403,2,1.52,1.52,0.17,22.822373622926683,22.822373622926683,3.160464672193246
756,chr14,105803601,105803603,2,0.0,0.0,0.17,-4.01,-4.01,
757,chr14,105803701,105803703,2,0.98,0.98,0.17,13.72451318917073,13.72451318917073,2.5272470028648684
758,chr14,105803901,105803903,2,0.0,0.0,0.17,-4.01,-4.01,
759,chr14,105804001,105804003,2,1.82,1.82,0.17,27.876740530568878,27.876740530568878,3.420331798948357
760,chr14,105804201,105804403,202,0.0,0.0,0.17,-4.01,-4.01,
761,chr14,105804501,105804503,2,0.95,0.95,0.17,13.219076498406514,13.219076498406514,2.4823927670806083
762,chr14,105804701,105804703,2,0.0,0.0,0.17,-4.01,-4.01,
763,chr14,105804801,105804803,2,0.78,0.78,0.17,10.354935250742603,10.354935250742603,2.1979393776119087
764,chr14,105805001,105807703,2702,0.0,0.0,0.16999999999999998,-4.010000000000001,-4.01,
765,chr14,105808201,105808203,2,0.0,0.0,0.17,-4.01,-4.01,
766,chr14,105808301,105808303,2,0.64,0.64,0.17,7.996230693842913,7.996230693842913,1.9125371587496605
767,chr14,105808501,105808503,2,0.0,0.0,0.17,-4.01,-4.01,
768,chr14,105808601,105808603,2,0.73,0.73,0.17,9.51254076613557,9.51254076613557,2.1023617176296776
769,chr14,105808801,105809303,502,0.0,0.0,0.17,-4.009999999999999,-4.01,
770,chr14,105809401,105809903,502,1.1420000000000001,1.85,0.17,16.453871319297516,28.382177221333098,2.747955999225141
771,chr14,105810001,105810403,402,0.0,0.0,0.17400000000000002,-4.01,-4.01,
772,chr14,105810501,105810503,2,0.76,0.76,0.175,9.652137566441882,9.652137566441882,2.1186444964986193
773,chr14,105810701,105810703,2,0.0,0.0,0.18,-4.01,-4.01,
774,chr14,105810801,105811003,202,0.8933333333333334,1.4,0.18000000000000002,11.428208223723416,19.49023543936998,2.311201688294304
775,chr14,105811201,105811303,102,0.0,0.0,0.18,-4.01,-4.01,
776,chr14,105811401,105811403,2,0.65,0.65,0.18,7.556313574103687,7.556313574103687,1.8524428115861422
777,chr14,105811601,105811603,2,0.0,0.0,0.18,-4.01,-4.01,
778,chr14,105811701,105811703,2,0.56,0.56,0.18,6.124242950271731,6.124242950271731,1.637429920615292
779,chr14,105811901,105813103,1202,0.0,0.0,0.17999999999999997,-4.009999999999999,-4.01,
780,chr14,105813201,105813503,302,0.6133333333333333,0.83,0.18000000000000002,6.9728773940240005,10.420454821767594,1.768674453893544
781,chr14,105813601,105813603,2,0.0,0.0,0.18,-4.01,-4.01,
782,chr14,105813701,105814003,302,0.73,0.77,0.18,8.829265239732088,9.465741072546292,2.019899557437705
783,chr14,105814101,105815103,1002,0.0,0.0,0.17999999999999997,-4.009999999999999,-4.01,
784,chr14,105815301,105815703,402,0.9724999999999999,1.19,0.18,12.687899976168191,16.148737317095414,2.4337013435438797
785,chr14,105815801,105816203,402,0.0,0.0,0.18,-4.01,-4.01,
786,chr14,105816601,105816603,2,1.48,1.48,0.18,20.763187104998384,20.763187104998384,3.0395283641866375
787,chr14,105816801,105816803,2,0.0,0.0,0.18,-4.01,-4.01,
788,chr14,105816901,105817603,702,0.945,1.89,0.17999999999999997,12.250322841108428,27.287064391343957,2.3923174227787607
789,chr14,105817701,105817703,2,0.0,0.0,0.18,-4.01,-4.01,
790,chr14,105817901,105817903,2,0.78,0.78,0.18,9.624860030749844,9.624860030749844,2.115477217419936
791,chr14,105818001,105819403,1402,0.0,0.0,0.18000000000000002,-4.009999999999999,-4.01,
792,chr14,105819501,105819503,2,0.98,0.98,0.18,12.807239194820854,12.807239194820854,2.4447848426728958
793,chr14,105819701,105819703,2,0.0,0.0,0.18,-4.01,-4.01,
794,chr14,105819801,105819803,2,0.75,0.75,0.18,9.14750315613919,9.14750315613919,2.0588936890535687
795,chr14,105820001,105820303,302,0.0,0.0,0.18,-4.01,-4.01,
796,chr14,105820401,105820403,2,0.6,0.6,0.18,6.760718783085934,6.760718783085934,1.736965594166206
797,chr14,105820601,105820603,2,0.0,0.0,0.18,-4.01,-4.01,
798,chr14,105820701,105821503,802,0.905,1.39,0.18,11.613847008294226,19.33111648116643,2.329920885640893
799,chr14,105821601,105821603,2,0.0,0.0,0.18,-4.01,-4.01,
800,chr14,105821801,105822603,802,0.9777777777777779,1.37,0.17833333333333334,12.877453592250358,19.012878564759326,2.4549302264023565
801,chr14,105822701,105822703,2,0.0,0.0,0.175,-4.01,-4.01,
802,chr14,105822901,105822903,2,0.78,0.78,0.175,9.979467994746328,9.979467994746328,2.156119201917282
803,chr14,105823001,105823203,202,0.0,0.0,0.17499999999999996,-4.01,-4.01,
804,chr14,105823301,105823303,2,0.98,0.98,0.175,13.252772277790797,13.252772277790797,2.485426827170242
805,chr14,105823501,105823503,2,0.0,0.0,0.175,-4.01,-4.01,
806,chr14,105823601,105823603,2,0.97,0.97,0.175,13.089107063638572,13.089107063638572,2.470629825242161
807,chr14,105823801,105824803,1002,0.0,0.0,0.17500000000000002,-4.009999999999999,-4.01,
808,chr14,105824901,105824903,2,0.63,0.63,0.175,7.524489782462976,7.524489782462976,1.84799690655495
809,chr14,105825101,105825903,802,0.0,0.0,0.175,-4.01,-4.01,
810,chr14,105826001,105826003,2,0.56,0.56,0.17,6.648399518471663,6.648399518471663,1.7198920808072649
811,chr14,105826101,105826903,802,0.0,0.0,0.17,-4.01,-4.01,
812,chr14,105827101,105827303,202,0.78,0.84,0.17,10.354935250742601,11.36580863227104,2.1979393776119087
813,chr14,105827401,105828003,602,0.0,0.0,0.16999999999999998,-4.009999999999999,-4.01,
814,chr14,105828101,105828403,302,0.9,1.05,0.17,12.376682013799481,14.90386546762058,2.4043902550793352
815,chr14,105828501,105828503,2,0.0,0.0,0.17,-4.01,-4.01,
816,chr14,105828601,105828603,2,1.38,1.38,0.17,20.46366906602699,20.46366906602699,3.0210616155278296
817,chr14,105828801,105829703,902,0.0,0.0,0.16999999999999998,-4.01,-4.01,
818,chr14,105829801,105829903,102,1.01,1.04,0.17,14.229949879934951,14.735386570699172,2.570748641501455
819,chr14,105830001,105830003,2,0.0,0.0,0.17,-4.01,-4.01,
820,chr14,105830201,105830203,2,1.41,1.41,0.17,20.96910575679121,20.96910575679121,3.052088511148454
821,chr14,105830301,105830403,102,0.0,0.0,0.17,-4.01,-4.01,
822,chr14,105830501,105830603,102,0.845,1.03,0.17,11.450048080731746,14.566907673777765,2.313416595031845
823,chr14,105830801,105830803,2,0.0,0.0,0.17,-4.01,-4.01,
824,chr14,105831001,105831003,2,0.82,0.82,0.17,11.028850838428228,11.028850838428228,2.2700891633677442
825,chr14,105831101,105831103,2,0.0,0.0,0.17,-4.01,-4.01,
826,chr14,105831301,105831303,2,0.95,0.95,0.17,13.219076498406514,13.219076498406514,2.4823927670806083
827,chr14,105831401,105833703,2302,0.0,0.0,0.17104166666666668,-4.01,-4.01,
828,chr14,105833901,105833903,2,0.54,0.54,0.175,6.0515028550929655,6.0515028550929655,1.6256044852185023
829,chr14,105834001,105834003,2,0.0,0.0,0.175,-4.01,-4.01,
830,chr14,105834201,105834203,2,0.55,0.55,0.175,6.2151680692451885,6.2151680692451885,1.6520766965796934
831,chr14,105834301,105835303,1002,0.0,0.0,0.17727272727272725,-4.009999999999999,-4.01,
832,chr14,105835501,105835503,2,0.95,0.95,0.18,12.329882320210201,12.329882320210201,2.3999306068886357
833,chr14,105835601,105835603,2,0.0,0.0,0.18,-4.01,-4.01,
834,chr14,105835801,105835803,2,0.92,0.92,0.18,11.852525445599552,11.852525445599552,2.353636954614701
835,chr14,105835901,105838203,2302,0.0,0.0,0.1947916666666667,-4.01,-4.01,
836,chr14,105838401,105838403,2,0.99,0.99,0.20500000000000002,11.045287803981537,11.045287803981537,2.2718046154615257
837,chr14,105838501,105838503,2,0.0,0.0,0.21,-4.01,-4.01,
838,chr14,105838601,105838603,2,0.73,0.73,0.21,7.169881818466491,7.169881818466491,1.797507136101257
839,chr14,105839001,105839103,102,0.0,0.0,0.2175,-4.01,-4.01,
840,chr14,105839201,105839203,2,0.94,0.94,0.22,9.451275712709604,9.451275712709604,2.09515723304034
841,chr14,105840801,105840803,2,0.99,0.99,0.23,9.541841443861031,9.541841443861031,2.1057946640225964
842,chr14,105840901,105840903,2,0.0,0.0,0.23,-4.01,-4.01,
843,chr14,105841101,105841103,2,0.77,0.77,0.23,6.802228076530336,6.802228076530336,1.7432245846378884
844,chr14,105841201,105841703,502,0.0,0.0,0.23,-4.009999999999999,-4.01,
845,chr14,105841901,105842303,402,0.88,1.0,0.23,8.172034760195684,9.666369324194246,1.9358696625802843
846,chr14,105842501,105842803,302,0.0,0.0,0.24,-4.01,-4.01,
847,chr14,105842901,105843203,302,0.9949999999999999,1.15,0.24,9.087833546812858,10.937591435929132,2.0516621198224927
848,chr14,105843301,105844403,1102,0.0,0.0,0.2508333333333333,-4.009999999999999,-4.01,
849,chr14,105844501,105844503,2,0.93,0.93,0.26,7.458394215209194,7.458394215209194,1.8387190929669393
850,chr14,105844601,105844603,2,0.0,0.0,0.26,-4.01,-4.01,
851,chr14,105844801,105844803,2,0.94,0.94,0.26,7.568553493965495,7.568553493965495,1.854149133536545
852,chr14,105844901,105846103,1202,0.0,0.0,0.2599999999999999,-4.009999999999999,-4.01,
853,chr14,105846201,105846203,2,0.93,0.93,0.26,7.458394215209194,7.458394215209194,1.8387190929669393
854,chr14,105848301,105848303,2,0.95,0.95,0.26,7.678712772721801,7.678712772721801,1.8694158901898557
855,chr14,105848701,105849803,1102,0.0,0.0,0.2775,-4.01,-4.01,
856,chr14,105849901,105849903,2,0.97,0.97,0.28500000000000003,6.9617111513430485,6.9617111513430485,1.7670228280223859
857,chr14,105850101,105850103,2,0.0,0.0,0.29,-4.01,-4.01,
858,chr14,105850201,105850203,2,0.91,0.91,0.29,6.201058999059652,6.201058999059652,1.6498136450711243
859,chr14,105853501,105853503,2,1.57,1.57,0.305,11.956865746060895,11.956865746060895,2.363883411328741
860,chr14,105859601,105864503,4902,4.626041666666667,9.35,0.39572916666666663,30.692094241666364,65.87953171563586,3.5471929541894527
861,chr14,105903601,105908003,4402,2.8064705882352943,6.27,0.8260294117647059,6.957694199744408,19.38415613390094,1.7644918834056946
862,chr14,105909201,105909703,502,3.703333333333333,5.31,0.9050000000000001,8.92877375949262,14.018653141807,2.0328347135847302
863,chr14,105910101,105910203,102,0.0,0.0,0.91,-4.01,-4.01,
864,chr14,105913701,105917403,3702,3.068695652173913,4.74,0.9747826086956519,6.224626777427014,10.92674241605162,1.654473151974298
865,chr14,105918801,105918803,2,0.0,0.0,1.0150000000000001,-4.01,-4.01,
866,chr14,105921201,105921503,302,0.0,0.0,1.085,-4.01,-4.01,
867,chr14,105921901,105921903,2,3.47,3.47,1.1,6.248645044867232,6.248645044867232,1.657432139053601
868,chr14,105923001,105923003,2,4.0,4.0,1.12,7.442657175386862,7.442657175386862,1.8365012677171204
869,chr14,105929401,105929403,2,0.0,0.0,1.24,-4.01,-4.01,
870,chr14,105930201,105931903,1702,4.484615384615386,6.43,1.271153846153846,7.318062754471068,11.829794165856185,1.8188456116928051
871,chr14,105938201,105938403,202,4.880000000000001,5.36,1.41,7.1263538359792005,8.101380643694574,1.791185985164093
872,chr14,105939901,105939903,2,5.27,5.27,1.44,7.695542662531792,7.695542662531792,1.871734150194902
873,chr14,105947301,105947303,2,0.0,0.0,1.545,-4.01,-4.01,
874,chr14,105948501,105948803,302,5.52,6.15,1.5725000000000002,7.265874420185284,8.397370924608168,1.8116082498988797
875,chr14,105955701,105955703,2,5.03,5.03,1.6,6.217725338216315,6.217725338216315,1.6524864949181646
876,chr14,105957501,105957503,2,5.01,5.01,1.6,6.181923572620516,6.181923572620516,1.6467386983078458
877,chr14,105968901,105968903,2,5.27,5.27,1.6,6.6473465253659025,6.6473465253659025,1.7197310567498523
878,chr14,105971801,105971803,2,5.34,5.34,1.6,6.7726527049511995,6.7726527049511995,1.7387678368001915
879,chr14,105972501,105972803,302,0.0,0.0,1.6,-4.01,-4.01,
880,chr14,105975401,105975403,2,5.12,5.12,1.6,6.3788332833974115,6.3788332833974115,1.6780719051126374
881,chr14,105986401,105986703,302,4.883333333333333,5.5,1.5750000000000002,6.094922537870783,7.247197126638188,1.632514430201175
882,chr14,105989901,105989903,2,6.48,6.48,1.52,9.423867662492727,9.423867662492727,2.0919224894410395
883,chr14,105990501,105990503,2,0.0,0.0,1.53,-4.01,-4.01,
884,chr14,105991301,105991303,2,4.95,4.95,1.545,6.389956162029116,6.389956162029116,1.6798216870625975
885,chr14,105994401,105994403,2,0.0,0.0,1.605,-4.01,-4.01,
886,chr14,105996001,105996003,2,6.56,6.56,1.63,8.740431956317837,8.740431956317837,2.008823850387006
887,chr14,106016201,106016603,402,6.199999999999999,7.34,1.927,6.428087030605068,8.10622209805067,1.6859116438658788
888,chr14,106031201,106031203,2,6.54,6.54,2.06,6.306534572291331,6.306534572291331,1.666646298314864
889,chr14,106032401,106032403,2,7.19,7.19,2.065,7.186063407436344,7.186063407436344,1.7998499890198527
890,chr14,106036001,106036003,2,6.52,6.52,2.08,6.191562509511692,6.191562509511692,1.6482884360899852
891,chr14,106039401,106039403,2,6.97,6.97,2.11,6.674749298558896,6.674749298558896,1.723915657161238
892,chr14,106048601,106048603,2,8.12,8.12,2.16,7.980630795979818,7.980630795979818,1.9104484150217074
893,chr14,106052301,106052303,2,7.31,7.31,2.16,6.906577828105852,6.906577828105852,1.7588400937889686
894,chr14,106055801,106055803,2,0.0,0.0,2.19,-4.01,-4.01,
895,chr14,106066701,106066703,2,7.06,7.06,2.18,6.489194689270699,6.489194689270699,1.6953400484942538
896,chr14,106118001,106118303,302,8.393333333333333,10.2,2.3283333333333336,7.540033785911462,9.778846119333922,1.8499462623095533
897,chr14,106125101,106125103,2,0.0,0.0,2.4,-4.01,-4.01,
898,chr14,106168801,106168803,2,9.5,9.5,2.8,6.931203381161166,6.931203381161166,1.7625006862733439
899,chr14,106172101,106172103,2,8.87,8.87,2.84,6.1589801876260255,6.1589801876260255,1.6430431747963816
900,chr14,106183601,106183603,2,0.0,0.0,3.01,-4.01,-4.01,
901,chr14,106213301,106213303,2,0.0,0.0,3.32,-4.01,-4.01,
902,chr14,106230401,106230403,2,0.0,0.0,3.34,-4.01,-4.01,
903,chr14,106269701,106269803,102,12.585,13.03,3.8,6.699164870307191,7.034570884836254,1.7276338928300317
904,chr14,106331501,106331603,102,0.0,0.0,4.625,-4.01,-4.01,
905,chr14,106336801,106336803,2,0.0,0.0,4.66,-4.01,-4.01,
906,chr14,106338201,106338303,102,0.0,0.0,4.67,-4.01,-4.01,
907,chr14,106360301,106360303,2,0.0,0.0,4.9350000000000005,-4.01,-4.01,
908,chr14,106399001,106399003,2,0.0,0.0,4.9,-4.01,-4.01,
909,chr14,106401501,106401503,2,0.0,0.0,4.9,-4.01,-4.01,
910,chr14,106480401,106480403,2,0.0,0.0,5.13,-4.01,-4.01,
911,chr14,106694801,106694803,2,0.0,0.0,4.755,-4.01,-4.01,
912,chr14,106749701,106749703,2,0.0,0.0,4.705,-4.01,-4.01,
913,chr14,106751901,106751903,2,0.0,0.0,4.7,-4.01,-4.01,
914,chr14,106752401,106752403,2,16.2,16.2,4.7,7.085727718991056,7.085727718991056,1.7852611512069874
915,chr14,106796501,106796503,2,13.25,13.25,3.895,6.956808898458729,6.956808898458729,1.7662971262762546
916,chr14,106808101,106808603,502,12.147499999999999,15.65,3.50375,7.141469459331043,10.020384298284382,1.7936876880847916
917,chr14,106814601,106814603,2,13.81,13.81,3.225,9.478322571567038,9.478322571567038,2.0983422539474343
918,chr14,106834701,106837903,3202,7.016551724137931,11.26,2.1586206896551725,6.547600069626728,12.71849977582272,1.7006524370426481
919,chr14,106839201,106842803,3602,5.655428571428572,9.86,1.8275714285714284,6.058978320210324,12.645511729105767,1.6297085631755714
920,chr14,106844101,106880703,36602,5.682323529411764,12.72,1.3219852941176473,19.174754296287478,1678.4644936695881,2.103774847046587
921,chr14,106883701,107043703,160002,0.0,0.0,0.0,-4.009999999999999,-4.01,
